Source_object_id,Target_object_id,O2O_qualifier,Timestamp
Pcp9,Cr8,Lodged pickup plan for cargo,2024-04-29 08:12:32
Pcp6,Cr6,Lodged pickup plan for cargo,2024-04-29 08:39:46
Pcp1,Cr16,Lodged pickup plan for cargo,2024-04-29 08:46:20
Pcp8,Cr12,Lodged pickup plan for cargo,2024-04-29 09:07:13
Pcp3,Cr20,Lodged pickup plan for cargo,2024-04-29 09:07:35
Pcp5,Cr18,Lodged pickup plan for cargo,2024-04-29 09:10:45
Pcp4,Cr13,Lodged pickup plan for cargo,2024-04-29 09:25:16
Pcp10,Cr2,Lodged pickup plan for cargo,2024-04-29 09:29:57
Pcp2,Cr1,Lodged pickup plan for cargo,2024-04-29 09:31:44
Pcp7,Cr17,Lodged pickup plan for cargo,2024-04-29 10:32:00
tr34,Pcp6,Assigned truck for pickup plan,2024-05-01 10:19:54
tr18,Pcp6,Assigned truck for pickup plan,2024-05-01 10:25:53
tr26,Pcp6,Assigned truck for pickup plan,2024-05-01 10:26:40
tr31,Pcp6,Assigned truck for pickup plan,2024-05-01 10:32:05
tr12,Pcp1,Assigned truck for pickup plan,2024-05-01 10:32:08
tr10,Pcp6,Assigned truck for pickup plan,2024-05-01 10:34:47
tr20,Pcp1,Assigned truck for pickup plan,2024-05-01 10:40:26
tr37,Pcp6,Assigned truck for pickup plan,2024-05-01 10:47:14
tr13,Pcp1,Assigned truck for pickup plan,2024-05-01 10:50:57
tr3,Pcp1,Assigned truck for pickup plan,2024-05-01 10:51:40
tr1,Pcp6,Assigned truck for pickup plan,2024-05-01 10:54:36
tr14,Pcp1,Assigned truck for pickup plan,2024-05-01 10:54:47
tr4,Pcp6,Assigned truck for pickup plan,2024-05-01 10:57:04
tr27,Pcp1,Assigned truck for pickup plan,2024-05-01 11:01:34
tr29,Pcp1,Assigned truck for pickup plan,2024-05-01 11:02:05
tr17,Pcp6,Assigned truck for pickup plan,2024-05-01 11:02:48
tr45,Pcp1,Assigned truck for pickup plan,2024-05-01 11:03:00
tr32,Pcp6,Assigned truck for pickup plan,2024-05-01 11:03:12
tr50,Pcp1,Assigned truck for pickup plan,2024-05-01 11:08:08
tr9,Pcp6,Assigned truck for pickup plan,2024-05-01 11:09:26
tr7,Pcp6,Assigned truck for pickup plan,2024-05-01 11:13:53
tr22,Pcp1,Assigned truck for pickup plan,2024-05-01 11:15:37
tr48,Pcp6,Assigned truck for pickup plan,2024-05-01 11:15:42
tr23,Pcp6,Assigned truck for pickup plan,2024-05-01 11:16:22
tr40,Pcp6,Assigned truck for pickup plan,2024-05-01 11:16:50
tr33,Pcp6,Assigned truck for pickup plan,2024-05-01 11:16:56
tr28,Pcp1,Assigned truck for pickup plan,2024-05-01 11:17:15
tr5,Pcp1,Assigned truck for pickup plan,2024-05-01 11:19:29
tr41,Pcp6,Assigned truck for pickup plan,2024-05-01 11:19:56
tr2,Pcp6,Assigned truck for pickup plan,2024-05-01 11:21:19
tr36,Pcp1,Assigned truck for pickup plan,2024-05-01 11:23:42
tr38,Pcp1,Assigned truck for pickup plan,2024-05-01 11:23:55
tr21,Pcp6,Assigned truck for pickup plan,2024-05-01 11:26:02
tr16,Pcp1,Assigned truck for pickup plan,2024-05-01 11:31:09
tr44,Pcp1,Assigned truck for pickup plan,2024-05-01 11:31:34
tr6,Pcp6,Assigned truck for pickup plan,2024-05-01 11:41:25
tr35,Pcp6,Assigned truck for pickup plan,2024-05-01 11:56:55
tr25,Pcp6,Assigned truck for pickup plan,2024-05-01 11:57:48
tr39,Pcp1,Assigned truck for pickup plan,2024-05-01 12:00:42
tr43,Pcp6,Assigned truck for pickup plan,2024-05-01 12:11:55
tr11,Pcp6,Assigned truck for pickup plan,2024-05-01 12:18:36
tr24,Pcp1,Assigned truck for pickup plan,2024-05-01 12:19:34
tr42,Pcp6,Assigned truck for pickup plan,2024-05-01 12:20:35
tr8,Pcp6,Assigned truck for pickup plan,2024-05-01 12:26:37
tr19,Pcp1,Assigned truck for pickup plan,2024-05-01 12:28:44
tr46,Pcp6,Assigned truck for pickup plan,2024-05-01 12:38:25
tr15,Pcp6,Assigned truck for pickup plan,2024-05-01 14:04:56
tr47,Pcp1,Assigned truck for pickup plan,2024-05-01 14:13:40
tr49,Pcp1,Assigned truck for pickup plan,2024-05-01 14:54:15
tr30,Pcp1,Assigned truck for pickup plan,2024-05-01 15:45:47
tr7,Pcp6,Dropped truck from pickup plan,2024-05-02 17:52:27
tr36,Pcp1,Dropped truck from pickup plan,2024-05-02 18:36:07
tr16,Pcp1,Dropped truck from pickup plan,2024-05-03 07:18:46
tr10,Pcp6,Dropped truck from pickup plan,2024-05-03 07:42:18
tr20,Pcp1,Dropped truck from pickup plan,2024-05-03 07:51:48
tr49,Pcp1,Dropped truck from pickup plan,2024-05-03 08:32:23
tr44,Pcp1,Dropped truck from pickup plan,2024-05-03 09:36:51
tr11,Pcp6,Dropped truck from pickup plan,2024-05-03 09:58:23
tr42,Pcp6,Dropped truck from pickup plan,2024-05-03 10:39:27
tr20,Pcp2,Assigned truck for pickup plan,2024-05-03 10:46:27
tr7,Pcp2,Assigned truck for pickup plan,2024-05-03 10:48:02
tr32,Pcp6,Dropped truck from pickup plan,2024-05-03 10:48:24
tr36,Pcp8,Assigned truck for pickup plan,2024-05-03 10:57:31
tr16,Pcp3,Assigned truck for pickup plan,2024-05-03 11:12:52
tr4,Pcp6,Dropped truck from pickup plan,2024-05-03 11:41:41
tr10,Pcp10,Assigned truck for pickup plan,2024-05-03 11:46:15
tr49,Pcp8,Assigned truck for pickup plan,2024-05-03 11:58:51
tr44,Pcp2,Assigned truck for pickup plan,2024-05-03 12:28:05
tr46,Pcp6,Dropped truck from pickup plan,2024-05-03 12:47:57
tr2,Pcp6,Dropped truck from pickup plan,2024-05-03 14:10:13
tr15,Pcp6,Dropped truck from pickup plan,2024-05-03 14:18:54
tr25,Pcp6,Dropped truck from pickup plan,2024-05-03 14:27:54
tr35,Pcp6,Dropped truck from pickup plan,2024-05-03 14:30:17
tr42,Pcp3,Assigned truck for pickup plan,2024-05-03 14:46:24
tr11,Pcp1,Assigned truck for pickup plan,2024-05-03 15:01:53
tr19,Pcp1,Dropped truck from pickup plan,2024-05-03 15:26:41
tr25,Pcp2,Assigned truck for pickup plan,2024-05-03 16:10:06
tr46,Pcp5,Assigned truck for pickup plan,2024-05-03 16:16:13
tr32,Pcp9,Assigned truck for pickup plan,2024-05-03 16:29:55
tr35,Pcp2,Assigned truck for pickup plan,2024-05-03 16:36:34
tr2,Pcp10,Assigned truck for pickup plan,2024-05-03 17:18:38
tr48,Pcp6,Dropped truck from pickup plan,2024-05-03 17:57:03
tr26,Pcp6,Dropped truck from pickup plan,2024-05-03 19:16:06
tr3,Pcp1,Dropped truck from pickup plan,2024-05-06 07:18:51
tr21,Pcp6,Dropped truck from pickup plan,2024-05-06 07:42:27
tr41,Pcp6,Dropped truck from pickup plan,2024-05-06 08:08:57
tr28,Pcp1,Dropped truck from pickup plan,2024-05-06 08:08:58
tr4,Pcp3,Assigned truck for pickup plan,2024-05-06 08:09:35
tr27,Pcp1,Dropped truck from pickup plan,2024-05-06 08:11:37
tr24,Pcp1,Dropped truck from pickup plan,2024-05-06 08:37:49
tr15,Pcp1,Assigned truck for pickup plan,2024-05-06 09:34:02
tr48,Pcp9,Assigned truck for pickup plan,2024-05-06 10:07:07
tr19,Pcp5,Assigned truck for pickup plan,2024-05-06 10:09:10
tr33,Pcp6,Dropped truck from pickup plan,2024-05-06 10:10:33
tr12,Pcp1,Dropped truck from pickup plan,2024-05-06 10:28:44
tr29,Pcp1,Dropped truck from pickup plan,2024-05-06 10:32:40
tr41,Pcp3,Assigned truck for pickup plan,2024-05-06 10:34:40
tr3,Pcp2,Assigned truck for pickup plan,2024-05-06 10:59:40
tr21,Pcp10,Assigned truck for pickup plan,2024-05-06 11:04:03
tr26,Pcp3,Assigned truck for pickup plan,2024-05-06 11:09:00
tr27,Pcp8,Assigned truck for pickup plan,2024-05-06 11:10:47
tr45,Pcp1,Dropped truck from pickup plan,2024-05-06 11:28:41
tr9,Pcp6,Dropped truck from pickup plan,2024-05-06 11:39:42
tr38,Pcp1,Dropped truck from pickup plan,2024-05-06 11:50:35
tr33,Pcp7,Assigned truck for pickup plan,2024-05-06 12:05:45
tr39,Pcp1,Dropped truck from pickup plan,2024-05-06 13:24:14
tr12,Pcp1,Assigned truck for pickup plan,2024-05-06 13:42:24
tr5,Pcp1,Dropped truck from pickup plan,2024-05-06 14:19:49
tr28,Pcp2,Assigned truck for pickup plan,2024-05-06 14:27:01
tr30,Pcp1,Dropped truck from pickup plan,2024-05-06 14:41:05
tr23,Pcp6,Dropped truck from pickup plan,2024-05-06 14:48:27
tr34,Pcp6,Dropped truck from pickup plan,2024-05-06 14:53:28
tr24,Pcp1,Assigned truck for pickup plan,2024-05-06 14:59:38
tr43,Pcp6,Dropped truck from pickup plan,2024-05-06 15:21:31
tr29,Pcp4,Assigned truck for pickup plan,2024-05-06 15:39:31
tr30,Pcp8,Assigned truck for pickup plan,2024-05-06 16:50:46
tr5,Pcp5,Assigned truck for pickup plan,2024-05-06 17:04:28
tr45,Pcp2,Assigned truck for pickup plan,2024-05-06 17:04:42
tr38,Pcp4,Assigned truck for pickup plan,2024-05-06 17:18:18
tr47,Pcp1,Dropped truck from pickup plan,2024-05-06 17:58:10
tr43,Pcp3,Assigned truck for pickup plan,2024-05-06 18:28:10
tr8,Pcp6,Dropped truck from pickup plan,2024-05-07 07:09:18
tr7,Pcp2,Dropped truck from pickup plan,2024-05-07 07:55:55
tr23,Pcp1,Assigned truck for pickup plan,2024-05-07 08:10:30
tr9,Pcp8,Assigned truck for pickup plan,2024-05-07 08:15:15
tr17,Pcp6,Dropped truck from pickup plan,2024-05-07 10:02:07
tr8,Pcp7,Assigned truck for pickup plan,2024-05-07 10:02:16
tr47,Pcp4,Assigned truck for pickup plan,2024-05-07 10:19:57
tr40,Pcp6,Dropped truck from pickup plan,2024-05-07 10:30:44
tr39,Pcp9,Assigned truck for pickup plan,2024-05-07 10:34:41
tr25,Pcp2,Dropped truck from pickup plan,2024-05-07 10:37:12
tr34,Pcp9,Assigned truck for pickup plan,2024-05-07 11:20:07
tr17,Pcp8,Assigned truck for pickup plan,2024-05-07 11:29:48
tr7,Pcp8,Assigned truck for pickup plan,2024-05-07 11:43:22
tr36,Pcp8,Dropped truck from pickup plan,2024-05-07 11:56:28
tr16,Pcp3,Dropped truck from pickup plan,2024-05-07 12:09:08
tr25,Pcp5,Assigned truck for pickup plan,2024-05-07 14:29:23
tr36,Pcp10,Assigned truck for pickup plan,2024-05-07 14:51:04
tr16,Pcp10,Assigned truck for pickup plan,2024-05-07 15:03:59
tr10,Pcp10,Dropped truck from pickup plan,2024-05-07 15:43:24
tr37,Pcp6,Dropped truck from pickup plan,2024-05-07 15:44:00
tr48,Pcp9,Dropped truck from pickup plan,2024-05-07 15:50:31
tr3,Pcp2,Dropped truck from pickup plan,2024-05-07 15:50:57
tr49,Pcp8,Dropped truck from pickup plan,2024-05-07 15:57:20
tr44,Pcp2,Dropped truck from pickup plan,2024-05-07 16:18:43
tr18,Pcp6,Dropped truck from pickup plan,2024-05-07 16:24:59
tr26,Pcp3,Dropped truck from pickup plan,2024-05-07 17:26:00
tr40,Pcp10,Assigned truck for pickup plan,2024-05-07 17:38:38
tr6,Pcp6,Dropped truck from pickup plan,2024-05-08 07:37:23
tr50,Pcp1,Dropped truck from pickup plan,2024-05-08 07:54:12
tr21,Pcp10,Dropped truck from pickup plan,2024-05-08 08:39:59
tr37,Pcp1,Assigned truck for pickup plan,2024-05-08 09:02:07
tr48,Pcp5,Assigned truck for pickup plan,2024-05-08 09:03:31
tr15,Pcp1,Dropped truck from pickup plan,2024-05-08 09:34:30
tr20,Pcp2,Dropped truck from pickup plan,2024-05-08 09:44:51
tr18,Pcp9,Assigned truck for pickup plan,2024-05-08 09:51:28
tr49,Pcp7,Assigned truck for pickup plan,2024-05-08 09:58:42
tr3,Pcp9,Assigned truck for pickup plan,2024-05-08 10:16:13
tr14,Pcp1,Dropped truck from pickup plan,2024-05-08 10:31:25
tr42,Pcp3,Dropped truck from pickup plan,2024-05-08 10:39:46
tr26,Pcp9,Assigned truck for pickup plan,2024-05-08 10:50:39
tr10,Pcp5,Assigned truck for pickup plan,2024-05-08 10:52:38
tr50,Pcp10,Assigned truck for pickup plan,2024-05-08 11:02:03
tr15,Pcp9,Assigned truck for pickup plan,2024-05-08 11:12:10
tr21,Pcp5,Assigned truck for pickup plan,2024-05-08 11:46:56
tr11,Pcp1,Dropped truck from pickup plan,2024-05-08 11:55:16
tr20,Pcp7,Assigned truck for pickup plan,2024-05-08 12:28:51
tr35,Pcp2,Dropped truck from pickup plan,2024-05-08 13:26:51
tr6,Pcp9,Assigned truck for pickup plan,2024-05-08 14:10:35
tr38,Pcp4,Dropped truck from pickup plan,2024-05-08 14:15:54
tr44,Pcp3,Assigned truck for pickup plan,2024-05-08 14:25:13
tr14,Pcp3,Assigned truck for pickup plan,2024-05-08 14:25:50
tr19,Pcp5,Dropped truck from pickup plan,2024-05-08 15:20:34
tr1,Pcp6,Dropped truck from pickup plan,2024-05-08 15:40:15
tr29,Pcp4,Dropped truck from pickup plan,2024-05-08 15:50:01
tr42,Pcp4,Assigned truck for pickup plan,2024-05-08 15:55:17
tr11,Pcp9,Assigned truck for pickup plan,2024-05-08 16:07:53
tr38,Pcp10,Assigned truck for pickup plan,2024-05-08 16:24:32
tr35,Pcp9,Assigned truck for pickup plan,2024-05-08 16:39:50
tr46,Pcp5,Dropped truck from pickup plan,2024-05-08 16:48:02
tr13,Pcp1,Dropped truck from pickup plan,2024-05-08 16:56:49
tr31,Pcp6,Dropped truck from pickup plan,2024-05-08 17:09:38
tr12,Pcp1,Dropped truck from pickup plan,2024-05-08 17:13:50
tr30,Pcp8,Dropped truck from pickup plan,2024-05-08 17:38:54
tr45,Pcp2,Dropped truck from pickup plan,2024-05-08 18:30:14
tr33,Pcp7,Dropped truck from pickup plan,2024-05-08 19:05:56
tr32,Pcp9,Dropped truck from pickup plan,2024-05-09 08:14:36
tr19,Pcp8,Assigned truck for pickup plan,2024-05-09 08:18:37
tr7,Pcp8,Dropped truck from pickup plan,2024-05-09 08:20:30
tr29,Pcp7,Assigned truck for pickup plan,2024-05-09 08:20:52
tr28,Pcp2,Dropped truck from pickup plan,2024-05-09 08:30:09
tr22,Pcp1,Dropped truck from pickup plan,2024-05-09 08:30:35
tr47,Pcp4,Dropped truck from pickup plan,2024-05-09 09:38:45
tr12,Pcp9,Assigned truck for pickup plan,2024-05-09 09:43:01
tr33,Pcp7,Assigned truck for pickup plan,2024-05-09 09:43:53
tr1,Pcp3,Assigned truck for pickup plan,2024-05-09 10:30:38
tr32,Pcp4,Assigned truck for pickup plan,2024-05-09 10:35:08
tr46,Pcp5,Assigned truck for pickup plan,2024-05-09 10:40:05
tr34,Pcp9,Dropped truck from pickup plan,2024-05-09 10:50:07
tr22,Pcp2,Assigned truck for pickup plan,2024-05-09 11:01:28
tr28,Pcp10,Assigned truck for pickup plan,2024-05-09 11:01:42
tr7,Pcp8,Assigned truck for pickup plan,2024-05-09 11:14:36
tr43,Pcp3,Dropped truck from pickup plan,2024-05-09 11:30:44
tr30,Pcp9,Assigned truck for pickup plan,2024-05-09 11:35:24
tr13,Pcp5,Assigned truck for pickup plan,2024-05-09 11:36:22
tr47,Pcp1,Assigned truck for pickup plan,2024-05-09 11:38:15
tr39,Pcp9,Dropped truck from pickup plan,2024-05-09 13:27:29
tr31,Pcp10,Assigned truck for pickup plan,2024-05-09 13:51:47
tr24,Pcp1,Dropped truck from pickup plan,2024-05-09 14:15:23
tr37,Pcp1,Dropped truck from pickup plan,2024-05-09 14:52:21
tr34,Pcp7,Assigned truck for pickup plan,2024-05-09 14:54:46
tr45,Pcp8,Assigned truck for pickup plan,2024-05-09 15:04:16
tr43,Pcp7,Assigned truck for pickup plan,2024-05-09 15:09:13
tr17,Pcp8,Dropped truck from pickup plan,2024-05-09 15:59:55
tr2,Pcp10,Dropped truck from pickup plan,2024-05-09 16:17:00
tr9,Pcp8,Dropped truck from pickup plan,2024-05-09 16:17:28
tr24,Pcp7,Assigned truck for pickup plan,2024-05-09 16:29:48
tr8,Pcp7,Dropped truck from pickup plan,2024-05-09 16:41:36
tr25,Pcp5,Dropped truck from pickup plan,2024-05-09 16:50:10
tr39,Pcp8,Assigned truck for pickup plan,2024-05-09 17:11:42
tr40,Pcp10,Dropped truck from pickup plan,2024-05-09 18:12:48
tr41,Pcp3,Dropped truck from pickup plan,2024-05-09 19:14:14
tr37,Pcp8,Assigned truck for pickup plan,2024-05-10 07:26:20
tr44,Pcp3,Dropped truck from pickup plan,2024-05-10 09:08:42
tr9,Pcp9,Assigned truck for pickup plan,2024-05-10 09:20:29
tr6,Pcp9,Dropped truck from pickup plan,2024-05-10 09:27:27
tr48,Pcp5,Dropped truck from pickup plan,2024-05-10 09:44:45
tr17,Pcp3,Assigned truck for pickup plan,2024-05-10 10:27:02
tr2,Pcp8,Assigned truck for pickup plan,2024-05-10 10:29:04
tr25,Pcp3,Assigned truck for pickup plan,2024-05-10 10:44:12
tr41,Pcp9,Assigned truck for pickup plan,2024-05-10 10:46:01
tr40,Pcp8,Assigned truck for pickup plan,2024-05-10 10:59:45
tr8,Pcp3,Assigned truck for pickup plan,2024-05-10 11:23:23
tr27,Pcp8,Dropped truck from pickup plan,2024-05-10 12:02:31
tr16,Pcp10,Dropped truck from pickup plan,2024-05-10 12:07:33
tr44,Pcp4,Assigned truck for pickup plan,2024-05-10 12:09:06
tr5,Pcp5,Dropped truck from pickup plan,2024-05-10 13:56:39
tr6,Pcp4,Assigned truck for pickup plan,2024-05-10 14:00:34
tr20,Pcp7,Dropped truck from pickup plan,2024-05-10 14:11:09
tr42,Pcp4,Dropped truck from pickup plan,2024-05-10 15:54:47
tr19,Pcp8,Dropped truck from pickup plan,2024-05-10 16:50:39
tr27,Pcp3,Assigned truck for pickup plan,2024-05-10 17:08:47
tr48,Pcp5,Assigned truck for pickup plan,2024-05-10 17:30:11
tr16,Pcp3,Assigned truck for pickup plan,2024-05-10 17:47:45
tr21,Pcp5,Dropped truck from pickup plan,2024-05-10 17:56:25
tr5,Pcp8,Assigned truck for pickup plan,2024-05-10 18:36:43
tr4,Pcp3,Dropped truck from pickup plan,2024-05-13 07:35:10
tr49,Pcp7,Dropped truck from pickup plan,2024-05-13 07:49:09
tr11,Pcp9,Dropped truck from pickup plan,2024-05-13 08:09:25
tr36,Pcp10,Dropped truck from pickup plan,2024-05-13 08:25:05
tr42,Pcp5,Assigned truck for pickup plan,2024-05-13 09:05:47
tr50,Pcp10,Dropped truck from pickup plan,2024-05-13 09:42:40
tr20,Pcp4,Assigned truck for pickup plan,2024-05-13 09:50:07
tr46,Pcp5,Dropped truck from pickup plan,2024-05-13 10:04:16
tr26,Pcp9,Dropped truck from pickup plan,2024-05-13 10:12:18
tr47,Pcp1,Dropped truck from pickup plan,2024-05-13 10:44:22
tr19,Pcp3,Assigned truck for pickup plan,2024-05-13 11:44:49
tr3,Pcp9,Dropped truck from pickup plan,2024-05-13 11:56:16
tr46,Pcp10,Assigned truck for pickup plan,2024-05-13 12:10:50
tr50,Pcp7,Assigned truck for pickup plan,2024-05-13 12:15:21
tr36,Pcp5,Assigned truck for pickup plan,2024-05-13 12:19:58
tr31,Pcp10,Dropped truck from pickup plan,2024-05-13 13:26:59
tr21,Pcp2,Assigned truck for pickup plan,2024-05-13 13:30:22
tr23,Pcp1,Dropped truck from pickup plan,2024-05-13 13:48:30
tr4,Pcp7,Assigned truck for pickup plan,2024-05-13 13:53:34
tr47,Pcp2,Assigned truck for pickup plan,2024-05-13 14:01:35
tr14,Pcp3,Dropped truck from pickup plan,2024-05-13 14:45:35
tr38,Pcp10,Dropped truck from pickup plan,2024-05-13 14:57:04
tr10,Pcp5,Dropped truck from pickup plan,2024-05-13 14:58:56
tr29,Pcp7,Dropped truck from pickup plan,2024-05-13 14:59:56
tr11,Pcp3,Assigned truck for pickup plan,2024-05-13 15:28:02
tr49,Pcp7,Assigned truck for pickup plan,2024-05-13 15:31:50
tr26,Pcp1,Assigned truck for pickup plan,2024-05-13 15:54:23
tr32,Pcp4,Dropped truck from pickup plan,2024-05-13 15:57:52
tr31,Pcp8,Assigned truck for pickup plan,2024-05-13 16:23:58
tr39,Pcp8,Dropped truck from pickup plan,2024-05-13 16:38:08
tr3,Pcp10,Assigned truck for pickup plan,2024-05-13 16:43:54
tr28,Pcp10,Dropped truck from pickup plan,2024-05-13 17:07:20
tr23,Pcp8,Assigned truck for pickup plan,2024-05-13 17:40:26
tr38,Pcp9,Assigned truck for pickup plan,2024-05-13 18:55:12
tr29,Pcp8,Assigned truck for pickup plan,2024-05-13 19:03:36
tr10,Pcp8,Assigned truck for pickup plan,2024-05-14 07:21:11
tr25,Pcp3,Dropped truck from pickup plan,2024-05-14 07:59:10
tr14,Pcp8,Assigned truck for pickup plan,2024-05-14 08:15:06
tr33,Pcp7,Dropped truck from pickup plan,2024-05-14 10:11:32
tr28,Pcp5,Assigned truck for pickup plan,2024-05-14 10:26:41
tr43,Pcp7,Dropped truck from pickup plan,2024-05-14 10:33:59
tr39,Pcp8,Assigned truck for pickup plan,2024-05-14 10:39:37
tr25,Pcp3,Assigned truck for pickup plan,2024-05-14 10:58:16
tr32,Pcp7,Assigned truck for pickup plan,2024-05-14 11:20:52
tr9,Pcp9,Dropped truck from pickup plan,2024-05-14 11:56:51
tr33,Pcp3,Assigned truck for pickup plan,2024-05-14 12:06:51
tr43,Pcp9,Assigned truck for pickup plan,2024-05-14 12:27:43
tr34,Pcp7,Dropped truck from pickup plan,2024-05-14 15:24:57
tr44,Pcp4,Dropped truck from pickup plan,2024-05-14 15:52:14
tr1,Pcp3,Dropped truck from pickup plan,2024-05-14 16:26:14
tr9,Pcp10,Assigned truck for pickup plan,2024-05-14 16:29:53
tr6,Pcp4,Dropped truck from pickup plan,2024-05-14 16:41:47
tr30,Pcp9,Dropped truck from pickup plan,2024-05-14 16:54:21
tr7,Pcp8,Dropped truck from pickup plan,2024-05-14 17:18:35
tr34,Pcp9,Assigned truck for pickup plan,2024-05-14 17:34:04
tr12,Pcp9,Dropped truck from pickup plan,2024-05-15 07:42:51
tr22,Pcp2,Dropped truck from pickup plan,2024-05-15 07:58:42
tr8,Pcp3,Dropped truck from pickup plan,2024-05-15 08:09:00
tr27,Pcp3,Dropped truck from pickup plan,2024-05-15 09:08:01
tr7,Pcp3,Assigned truck for pickup plan,2024-05-15 09:14:42
tr18,Pcp9,Dropped truck from pickup plan,2024-05-15 09:53:19
tr30,Pcp3,Assigned truck for pickup plan,2024-05-15 10:07:25
tr36,Pcp5,Dropped truck from pickup plan,2024-05-15 10:07:59
tr1,Pcp10,Assigned truck for pickup plan,2024-05-15 10:32:25
tr44,Pcp2,Assigned truck for pickup plan,2024-05-15 10:42:14
tr47,Pcp2,Dropped truck from pickup plan,2024-05-15 10:51:13
tr35,Pcp9,Dropped truck from pickup plan,2024-05-15 11:14:54
tr22,Pcp2,Assigned truck for pickup plan,2024-05-15 11:15:18
tr12,Pcp1,Assigned truck for pickup plan,2024-05-15 11:22:09
tr2,Pcp8,Dropped truck from pickup plan,2024-05-15 11:28:02
tr23,Pcp8,Dropped truck from pickup plan,2024-05-15 11:40:58
tr36,Pcp3,Assigned truck for pickup plan,2024-05-15 12:08:45
tr16,Pcp3,Dropped truck from pickup plan,2024-05-15 12:12:37
tr8,Pcp2,Assigned truck for pickup plan,2024-05-15 12:26:42
tr13,Pcp5,Dropped truck from pickup plan,2024-05-15 13:36:24
tr6,Pcp1,Assigned truck for pickup plan,2024-05-15 13:45:34
tr35,Pcp4,Assigned truck for pickup plan,2024-05-15 13:51:52
tr18,Pcp3,Assigned truck for pickup plan,2024-05-15 13:55:09
tr40,Pcp8,Dropped truck from pickup plan,2024-05-15 14:05:02
tr27,Pcp1,Assigned truck for pickup plan,2024-05-15 14:18:16
tr48,Pcp5,Dropped truck from pickup plan,2024-05-15 15:26:18
tr47,Pcp4,Assigned truck for pickup plan,2024-05-15 15:27:31
tr42,Pcp5,Dropped truck from pickup plan,2024-05-15 15:30:01
tr16,Pcp1,Assigned truck for pickup plan,2024-05-15 15:34:44
tr46,Pcp10,Dropped truck from pickup plan,2024-05-15 15:37:02
tr50,Pcp7,Dropped truck from pickup plan,2024-05-15 15:40:39
tr26,Pcp1,Dropped truck from pickup plan,2024-05-15 15:44:10
tr2,Pcp2,Assigned truck for pickup plan,2024-05-15 15:53:59
tr41,Pcp9,Dropped truck from pickup plan,2024-05-15 15:59:27
tr24,Pcp7,Dropped truck from pickup plan,2024-05-15 16:16:09
tr37,Pcp8,Dropped truck from pickup plan,2024-05-15 16:18:22
tr3,Pcp10,Dropped truck from pickup plan,2024-05-15 16:22:12
tr10,Pcp8,Dropped truck from pickup plan,2024-05-15 16:31:47
tr40,Pcp1,Assigned truck for pickup plan,2024-05-15 16:32:15
tr48,Pcp8,Assigned truck for pickup plan,2024-05-15 16:57:21
tr19,Pcp3,Dropped truck from pickup plan,2024-05-15 17:18:21
tr23,Pcp4,Assigned truck for pickup plan,2024-05-15 17:28:09
tr13,Pcp7,Assigned truck for pickup plan,2024-05-15 17:30:49
tr25,Pcp3,Dropped truck from pickup plan,2024-05-16 08:00:44
tr10,Pcp10,Assigned truck for pickup plan,2024-05-16 08:02:50
tr3,Pcp4,Assigned truck for pickup plan,2024-05-16 08:03:50
tr31,Pcp8,Dropped truck from pickup plan,2024-05-16 08:09:54
tr17,Pcp3,Dropped truck from pickup plan,2024-05-16 08:49:41
tr50,Pcp8,Assigned truck for pickup plan,2024-05-16 09:00:58
tr15,Pcp9,Dropped truck from pickup plan,2024-05-16 09:06:53
tr19,Pcp9,Assigned truck for pickup plan,2024-05-16 09:13:14
tr20,Pcp4,Dropped truck from pickup plan,2024-05-16 09:50:11
tr42,Pcp1,Assigned truck for pickup plan,2024-05-16 09:57:11
tr26,Pcp1,Assigned truck for pickup plan,2024-05-16 10:02:52
tr46,Pcp8,Assigned truck for pickup plan,2024-05-16 10:19:51
tr28,Pcp5,Dropped truck from pickup plan,2024-05-16 10:40:31
tr24,Pcp8,Assigned truck for pickup plan,2024-05-16 10:56:25
tr41,Pcp7,Assigned truck for pickup plan,2024-05-16 11:14:08
tr25,Pcp10,Assigned truck for pickup plan,2024-05-16 11:16:47
tr15,Pcp8,Assigned truck for pickup plan,2024-05-16 11:17:17
tr31,Pcp5,Assigned truck for pickup plan,2024-05-16 11:33:59
tr17,Pcp9,Assigned truck for pickup plan,2024-05-16 11:42:35
tr37,Pcp7,Assigned truck for pickup plan,2024-05-16 12:08:03
tr33,Pcp3,Dropped truck from pickup plan,2024-05-16 13:33:41
tr29,Pcp8,Dropped truck from pickup plan,2024-05-16 13:50:19
tr5,Pcp8,Dropped truck from pickup plan,2024-05-16 13:52:25
tr39,Pcp8,Dropped truck from pickup plan,2024-05-16 13:53:02
tr43,Pcp9,Dropped truck from pickup plan,2024-05-16 14:04:06
tr20,Pcp2,Assigned truck for pickup plan,2024-05-16 14:14:48
tr21,Pcp2,Dropped truck from pickup plan,2024-05-16 14:16:51
tr4,Pcp7,Dropped truck from pickup plan,2024-05-16 14:19:19
tr38,Pcp9,Dropped truck from pickup plan,2024-05-16 14:19:20
tr9,Pcp10,Dropped truck from pickup plan,2024-05-16 15:22:22
tr49,Pcp7,Dropped truck from pickup plan,2024-05-16 15:27:42
tr4,Pcp2,Assigned truck for pickup plan,2024-05-16 16:03:31
tr28,Pcp10,Assigned truck for pickup plan,2024-05-16 16:06:23
tr33,Pcp5,Assigned truck for pickup plan,2024-05-16 16:12:46
tr43,Pcp3,Assigned truck for pickup plan,2024-05-16 16:22:40
tr39,Pcp4,Assigned truck for pickup plan,2024-05-16 16:25:31
tr35,Pcp4,Dropped truck from pickup plan,2024-05-16 16:58:55
tr47,Pcp4,Dropped truck from pickup plan,2024-05-16 17:46:05
tr5,Pcp1,Assigned truck for pickup plan,2024-05-16 18:00:03
tr8,Pcp2,Dropped truck from pickup plan,2024-05-17 07:06:39
tr14,Pcp8,Dropped truck from pickup plan,2024-05-17 07:08:14
tr29,Pcp10,Assigned truck for pickup plan,2024-05-17 07:19:28
tr11,Pcp3,Dropped truck from pickup plan,2024-05-17 07:51:38
tr1,Pcp10,Dropped truck from pickup plan,2024-05-17 07:53:35
tr45,Pcp8,Dropped truck from pickup plan,2024-05-17 08:03:04
tr21,Pcp1,Assigned truck for pickup plan,2024-05-17 08:24:23
tr38,Pcp7,Assigned truck for pickup plan,2024-05-17 08:33:30
tr32,Pcp7,Dropped truck from pickup plan,2024-05-17 10:36:56
tr22,Pcp2,Dropped truck from pickup plan,2024-05-17 10:43:13
tr11,Pcp2,Assigned truck for pickup plan,2024-05-17 10:54:29
tr9,Pcp2,Assigned truck for pickup plan,2024-05-17 11:09:55
tr47,Pcp3,Assigned truck for pickup plan,2024-05-17 11:22:50
tr35,Pcp2,Assigned truck for pickup plan,2024-05-17 11:24:39
tr49,Pcp1,Assigned truck for pickup plan,2024-05-17 11:26:52
tr30,Pcp3,Dropped truck from pickup plan,2024-05-17 11:33:51
tr16,Pcp1,Dropped truck from pickup plan,2024-05-17 11:51:42
tr45,Pcp10,Assigned truck for pickup plan,2024-05-17 11:52:29
tr14,Pcp2,Assigned truck for pickup plan,2024-05-17 12:12:41
tr23,Pcp4,Dropped truck from pickup plan,2024-05-17 13:48:04
tr1,Pcp10,Assigned truck for pickup plan,2024-05-17 14:10:03
tr22,Pcp3,Assigned truck for pickup plan,2024-05-17 14:29:29
tr36,Pcp3,Dropped truck from pickup plan,2024-05-17 14:34:07
tr18,Pcp3,Dropped truck from pickup plan,2024-05-17 14:35:32
tr8,Pcp2,Assigned truck for pickup plan,2024-05-17 15:02:30
tr44,Pcp2,Dropped truck from pickup plan,2024-05-17 15:22:50
tr2,Pcp2,Dropped truck from pickup plan,2024-05-17 15:32:28
tr16,Pcp9,Assigned truck for pickup plan,2024-05-17 15:49:29
tr7,Pcp3,Dropped truck from pickup plan,2024-05-17 16:23:06
tr3,Pcp4,Dropped truck from pickup plan,2024-05-17 16:37:21
tr23,Pcp7,Assigned truck for pickup plan,2024-05-17 16:48:17
tr44,Pcp2,Assigned truck for pickup plan,2024-05-17 17:07:54
tr32,Pcp7,Assigned truck for pickup plan,2024-05-17 17:30:53
tr24,Pcp8,Dropped truck from pickup plan,2024-05-20 08:00:22
tr46,Pcp8,Dropped truck from pickup plan,2024-05-20 08:15:42
tr2,Pcp2,Assigned truck for pickup plan,2024-05-20 09:24:49
tr24,Pcp2,Assigned truck for pickup plan,2024-05-20 09:42:24
tr6,Pcp1,Dropped truck from pickup plan,2024-05-20 09:43:36
tr30,Pcp4,Assigned truck for pickup plan,2024-05-20 10:05:22
tr34,Pcp9,Dropped truck from pickup plan,2024-05-20 10:10:02
tr46,Pcp4,Assigned truck for pickup plan,2024-05-20 11:04:43
tr3,Pcp2,Assigned truck for pickup plan,2024-05-20 11:12:19
tr36,Pcp10,Assigned truck for pickup plan,2024-05-20 11:15:19
tr18,Pcp3,Assigned truck for pickup plan,2024-05-20 11:35:25
tr40,Pcp1,Dropped truck from pickup plan,2024-05-20 11:36:08
tr25,Pcp10,Dropped truck from pickup plan,2024-05-20 11:49:49
tr7,Pcp4,Assigned truck for pickup plan,2024-05-20 12:38:54
tr50,Pcp8,Dropped truck from pickup plan,2024-05-20 13:44:55
tr33,Pcp5,Dropped truck from pickup plan,2024-05-20 13:47:41
tr34,Pcp5,Assigned truck for pickup plan,2024-05-20 14:11:44
tr15,Pcp8,Dropped truck from pickup plan,2024-05-20 14:47:22
tr41,Pcp7,Dropped truck from pickup plan,2024-05-20 15:12:32
tr6,Pcp7,Assigned truck for pickup plan,2024-05-20 15:18:48
tr40,Pcp8,Assigned truck for pickup plan,2024-05-20 15:19:30
tr26,Pcp1,Dropped truck from pickup plan,2024-05-20 15:27:04
tr43,Pcp3,Dropped truck from pickup plan,2024-05-20 15:28:06
tr25,Pcp2,Assigned truck for pickup plan,2024-05-20 16:16:30
tr4,Pcp2,Dropped truck from pickup plan,2024-05-20 16:24:38
tr43,Pcp8,Assigned truck for pickup plan,2024-05-20 17:14:50
tr26,Pcp7,Assigned truck for pickup plan,2024-05-20 18:05:49
tr41,Pcp4,Assigned truck for pickup plan,2024-05-20 18:16:22
tr21,Pcp1,Dropped truck from pickup plan,2024-05-20 18:18:05
tr31,Pcp5,Dropped truck from pickup plan,2024-05-20 19:06:01
tr13,Pcp7,Dropped truck from pickup plan,2024-05-21 07:08:42
tr19,Pcp9,Dropped truck from pickup plan,2024-05-21 07:44:50
tr42,Pcp1,Dropped truck from pickup plan,2024-05-21 08:26:32
tr27,Pcp1,Dropped truck from pickup plan,2024-05-21 08:40:37
tr10,Pcp10,Dropped truck from pickup plan,2024-05-21 08:44:44
tr4,Pcp4,Assigned truck for pickup plan,2024-05-21 08:59:41
tr48,Pcp8,Dropped truck from pickup plan,2024-05-21 09:34:39
tr31,Pcp7,Assigned truck for pickup plan,2024-05-21 10:17:51
tr9,Pcp2,Dropped truck from pickup plan,2024-05-21 10:23:18
tr33,Pcp10,Assigned truck for pickup plan,2024-05-21 10:24:34
tr29,Pcp10,Dropped truck from pickup plan,2024-05-21 10:56:36
tr42,Pcp5,Assigned truck for pickup plan,2024-05-21 11:06:03
tr19,Pcp3,Assigned truck for pickup plan,2024-05-21 11:17:46
tr27,Pcp9,Assigned truck for pickup plan,2024-05-21 11:32:35
tr50,Pcp10,Assigned truck for pickup plan,2024-05-21 11:33:30
tr15,Pcp10,Assigned truck for pickup plan,2024-05-21 11:37:56
tr38,Pcp7,Dropped truck from pickup plan,2024-05-21 11:50:01
tr21,Pcp7,Assigned truck for pickup plan,2024-05-21 12:25:45
tr29,Pcp8,Assigned truck for pickup plan,2024-05-21 14:21:23
tr13,Pcp5,Assigned truck for pickup plan,2024-05-21 14:39:04
tr9,Pcp10,Assigned truck for pickup plan,2024-05-21 15:18:21
tr48,Pcp10,Assigned truck for pickup plan,2024-05-21 15:20:33
tr16,Pcp9,Dropped truck from pickup plan,2024-05-21 15:55:41
tr10,Pcp4,Assigned truck for pickup plan,2024-05-21 16:48:23
tr38,Pcp3,Assigned truck for pickup plan,2024-05-21 16:48:38
tr49,Pcp1,Dropped truck from pickup plan,2024-05-21 16:52:17
tr1,Pcp10,Dropped truck from pickup plan,2024-05-21 17:22:59
tr39,Pcp4,Dropped truck from pickup plan,2024-05-21 17:29:07
tr36,Pcp10,Dropped truck from pickup plan,2024-05-21 18:44:59
tr23,Pcp7,Dropped truck from pickup plan,2024-05-21 18:46:27
tr12,Pcp1,Dropped truck from pickup plan,2024-05-21 18:53:39
tr49,Pcp5,Assigned truck for pickup plan,2024-05-22 09:13:35
tr23,Pcp3,Assigned truck for pickup plan,2024-05-22 09:34:17
tr18,Pcp3,Dropped truck from pickup plan,2024-05-22 09:39:38
tr12,Pcp3,Assigned truck for pickup plan,2024-05-22 09:40:51
tr39,Pcp9,Assigned truck for pickup plan,2024-05-22 10:01:46
tr14,Pcp2,Dropped truck from pickup plan,2024-05-22 10:23:20
tr11,Pcp2,Dropped truck from pickup plan,2024-05-22 10:25:41
tr1,Pcp10,Assigned truck for pickup plan,2024-05-22 10:39:13
tr36,Pcp9,Assigned truck for pickup plan,2024-05-22 10:39:21
tr18,Pcp7,Assigned truck for pickup plan,2024-05-22 11:19:54
tr16,Pcp10,Assigned truck for pickup plan,2024-05-22 12:10:45
tr11,Pcp4,Assigned truck for pickup plan,2024-05-22 12:22:56
tr14,Pcp10,Assigned truck for pickup plan,2024-05-22 12:24:00
tr6,Pcp7,Dropped truck from pickup plan,2024-05-22 14:45:39
tr30,Pcp4,Dropped truck from pickup plan,2024-05-22 14:59:18
tr5,Pcp1,Dropped truck from pickup plan,2024-05-22 15:27:54
tr25,Pcp2,Dropped truck from pickup plan,2024-05-22 15:44:35
tr47,Pcp3,Dropped truck from pickup plan,2024-05-22 16:06:08
tr24,Pcp2,Dropped truck from pickup plan,2024-05-22 16:13:16
tr9,Pcp10,Dropped truck from pickup plan,2024-05-22 17:58:48
tr21,Pcp7,Dropped truck from pickup plan,2024-05-22 19:12:55
tr48,Pcp10,Dropped truck from pickup plan,2024-05-23 07:03:58
tr17,Pcp9,Dropped truck from pickup plan,2024-05-23 07:41:30
tr28,Pcp10,Dropped truck from pickup plan,2024-05-23 07:59:30
tr32,Pcp7,Dropped truck from pickup plan,2024-05-23 07:59:36
tr47,Pcp5,Assigned truck for pickup plan,2024-05-23 08:04:47
tr35,Pcp2,Dropped truck from pickup plan,2024-05-23 08:16:42
tr8,Pcp2,Dropped truck from pickup plan,2024-05-23 08:32:28
tr5,Pcp10,Assigned truck for pickup plan,2024-05-23 08:34:31
tr25,Pcp8,Assigned truck for pickup plan,2024-05-23 09:03:01
tr42,Pcp5,Dropped truck from pickup plan,2024-05-23 09:09:32
tr24,Pcp8,Assigned truck for pickup plan,2024-05-23 09:10:13
tr9,Pcp9,Assigned truck for pickup plan,2024-05-23 09:29:23
tr37,Pcp7,Dropped truck from pickup plan,2024-05-23 09:53:38
tr20,Pcp2,Dropped truck from pickup plan,2024-05-23 09:58:30
tr30,Pcp8,Assigned truck for pickup plan,2024-05-23 10:04:03
tr6,Pcp2,Assigned truck for pickup plan,2024-05-23 10:08:37
tr21,Pcp4,Assigned truck for pickup plan,2024-05-23 10:36:56
tr28,Pcp3,Assigned truck for pickup plan,2024-05-23 11:07:04
tr17,Pcp4,Assigned truck for pickup plan,2024-05-23 11:17:34
tr42,Pcp2,Assigned truck for pickup plan,2024-05-23 11:17:55
tr35,Pcp2,Assigned truck for pickup plan,2024-05-23 11:18:08
tr8,Pcp10,Assigned truck for pickup plan,2024-05-23 11:20:26
tr32,Pcp10,Assigned truck for pickup plan,2024-05-23 11:50:54
tr3,Pcp2,Dropped truck from pickup plan,2024-05-23 13:28:53
tr37,Pcp7,Assigned truck for pickup plan,2024-05-23 13:31:11
tr34,Pcp5,Dropped truck from pickup plan,2024-05-23 14:02:49
tr44,Pcp2,Dropped truck from pickup plan,2024-05-23 14:07:26
tr13,Pcp5,Dropped truck from pickup plan,2024-05-23 14:22:11
tr48,Pcp8,Assigned truck for pickup plan,2024-05-23 14:31:27
tr7,Pcp4,Dropped truck from pickup plan,2024-05-23 15:38:36
tr20,Pcp7,Assigned truck for pickup plan,2024-05-23 15:42:27
tr44,Pcp7,Assigned truck for pickup plan,2024-05-23 16:14:01
tr13,Pcp7,Assigned truck for pickup plan,2024-05-23 16:18:53
tr26,Pcp7,Dropped truck from pickup plan,2024-05-23 16:23:37
tr2,Pcp2,Dropped truck from pickup plan,2024-05-23 16:25:50
tr45,Pcp10,Dropped truck from pickup plan,2024-05-23 16:49:52
tr34,Pcp3,Assigned truck for pickup plan,2024-05-23 17:12:00
tr3,Pcp9,Assigned truck for pickup plan,2024-05-23 17:13:30
tr41,Pcp4,Dropped truck from pickup plan,2024-05-24 08:13:14
tr2,Pcp4,Assigned truck for pickup plan,2024-05-24 08:35:34
tr15,Pcp10,Dropped truck from pickup plan,2024-05-24 08:42:10
tr23,Pcp3,Dropped truck from pickup plan,2024-05-24 09:18:57
tr16,Pcp10,Dropped truck from pickup plan,2024-05-24 09:22:05
tr22,Pcp3,Dropped truck from pickup plan,2024-05-24 09:42:02
tr7,Pcp2,Assigned truck for pickup plan,2024-05-24 09:56:20
tr4,Pcp4,Dropped truck from pickup plan,2024-05-24 10:58:20
tr41,Pcp9,Assigned truck for pickup plan,2024-05-24 11:22:06
tr16,Pcp4,Assigned truck for pickup plan,2024-05-24 11:22:14
tr43,Pcp8,Dropped truck from pickup plan,2024-05-24 11:31:31
tr26,Pcp8,Assigned truck for pickup plan,2024-05-24 11:49:00
tr45,Pcp10,Assigned truck for pickup plan,2024-05-24 11:52:52
tr15,Pcp8,Assigned truck for pickup plan,2024-05-24 11:56:05
tr27,Pcp9,Dropped truck from pickup plan,2024-05-24 13:50:00
tr38,Pcp3,Dropped truck from pickup plan,2024-05-24 14:03:33
tr9,Pcp9,Dropped truck from pickup plan,2024-05-24 14:13:32
tr23,Pcp9,Assigned truck for pickup plan,2024-05-24 14:28:34
tr4,Pcp2,Assigned truck for pickup plan,2024-05-24 14:35:54
tr46,Pcp4,Dropped truck from pickup plan,2024-05-24 15:30:20
tr38,Pcp9,Assigned truck for pickup plan,2024-05-24 16:25:47
tr43,Pcp4,Assigned truck for pickup plan,2024-05-24 16:42:16
tr9,Pcp5,Assigned truck for pickup plan,2024-05-24 16:57:13
tr31,Pcp7,Dropped truck from pickup plan,2024-05-24 17:36:50
tr49,Pcp5,Dropped truck from pickup plan,2024-05-27 07:33:20
tr27,Pcp8,Assigned truck for pickup plan,2024-05-27 07:35:00
tr10,Pcp4,Dropped truck from pickup plan,2024-05-27 07:43:24
tr1,Pcp10,Dropped truck from pickup plan,2024-05-27 07:59:46
tr22,Pcp2,Assigned truck for pickup plan,2024-05-27 09:15:04
tr49,Pcp10,Assigned truck for pickup plan,2024-05-27 10:36:09
tr31,Pcp5,Assigned truck for pickup plan,2024-05-27 10:37:23
tr19,Pcp3,Dropped truck from pickup plan,2024-05-27 10:45:25
tr40,Pcp8,Dropped truck from pickup plan,2024-05-27 10:59:31
tr46,Pcp8,Assigned truck for pickup plan,2024-05-27 11:05:55
tr10,Pcp4,Assigned truck for pickup plan,2024-05-27 11:17:41
tr33,Pcp10,Dropped truck from pickup plan,2024-05-27 13:09:01
tr1,Pcp4,Assigned truck for pickup plan,2024-05-27 13:57:06
tr47,Pcp5,Dropped truck from pickup plan,2024-05-27 14:24:44
tr39,Pcp9,Dropped truck from pickup plan,2024-05-27 14:37:27
tr40,Pcp8,Assigned truck for pickup plan,2024-05-27 15:12:14
tr42,Pcp2,Dropped truck from pickup plan,2024-05-27 15:18:36
tr11,Pcp4,Dropped truck from pickup plan,2024-05-27 15:25:20
tr50,Pcp10,Dropped truck from pickup plan,2024-05-27 15:42:16
tr36,Pcp9,Dropped truck from pickup plan,2024-05-27 16:10:58
tr47,Pcp5,Assigned truck for pickup plan,2024-05-27 16:18:35
tr48,Pcp8,Dropped truck from pickup plan,2024-05-27 16:49:59
tr7,Pcp2,Dropped truck from pickup plan,2024-05-27 16:53:23
tr20,Pcp7,Dropped truck from pickup plan,2024-05-27 16:53:30
tr19,Pcp9,Assigned truck for pickup plan,2024-05-27 17:17:49
tr37,Pcp7,Dropped truck from pickup plan,2024-05-27 17:18:40
tr39,Pcp9,Assigned truck for pickup plan,2024-05-27 17:27:21
tr13,Pcp7,Dropped truck from pickup plan,2024-05-28 08:02:26
tr16,Pcp4,Dropped truck from pickup plan,2024-05-28 08:20:47
tr48,Pcp8,Assigned truck for pickup plan,2024-05-28 08:22:16
tr42,Pcp10,Assigned truck for pickup plan,2024-05-28 08:42:10
tr50,Pcp2,Assigned truck for pickup plan,2024-05-28 09:10:35
tr30,Pcp8,Dropped truck from pickup plan,2024-05-28 09:32:38
tr20,Pcp7,Assigned truck for pickup plan,2024-05-28 09:33:54
tr33,Pcp7,Assigned truck for pickup plan,2024-05-28 09:56:41
tr11,Pcp2,Assigned truck for pickup plan,2024-05-28 09:59:31
tr37,Pcp5,Assigned truck for pickup plan,2024-05-28 10:00:54
tr7,Pcp3,Assigned truck for pickup plan,2024-05-28 10:05:54
tr5,Pcp10,Dropped truck from pickup plan,2024-05-28 10:14:25
tr36,Pcp3,Assigned truck for pickup plan,2024-05-28 10:33:59
tr29,Pcp8,Dropped truck from pickup plan,2024-05-28 10:40:16
tr16,Pcp4,Assigned truck for pickup plan,2024-05-28 11:06:25
tr5,Pcp8,Assigned truck for pickup plan,2024-05-28 11:53:20
tr6,Pcp2,Dropped truck from pickup plan,2024-05-28 11:56:28
tr30,Pcp5,Assigned truck for pickup plan,2024-05-28 12:20:09
tr13,Pcp4,Assigned truck for pickup plan,2024-05-28 13:14:20
tr12,Pcp3,Dropped truck from pickup plan,2024-05-28 13:19:28
tr21,Pcp4,Dropped truck from pickup plan,2024-05-28 13:27:21
tr25,Pcp8,Dropped truck from pickup plan,2024-05-28 13:46:24
tr45,Pcp10,Dropped truck from pickup plan,2024-05-28 14:08:29
tr44,Pcp7,Dropped truck from pickup plan,2024-05-28 14:39:51
tr29,Pcp7,Assigned truck for pickup plan,2024-05-28 15:22:19
tr25,Pcp2,Assigned truck for pickup plan,2024-05-28 15:37:32
tr12,Pcp8,Assigned truck for pickup plan,2024-05-28 15:43:07
tr28,Pcp3,Dropped truck from pickup plan,2024-05-28 15:44:20
tr18,Pcp7,Dropped truck from pickup plan,2024-05-28 15:50:30
tr45,Pcp8,Assigned truck for pickup plan,2024-05-28 15:54:40
tr14,Pcp10,Dropped truck from pickup plan,2024-05-28 16:09:58
tr6,Pcp9,Assigned truck for pickup plan,2024-05-28 16:29:50
tr32,Pcp10,Dropped truck from pickup plan,2024-05-28 16:52:43
tr44,Pcp3,Assigned truck for pickup plan,2024-05-28 17:02:06
tr38,Pcp9,Dropped truck from pickup plan,2024-05-28 18:25:33
tr28,Pcp7,Assigned truck for pickup plan,2024-05-29 08:08:08
tr34,Pcp3,Dropped truck from pickup plan,2024-05-29 08:49:30
tr21,Pcp4,Assigned truck for pickup plan,2024-05-29 09:30:34
tr18,Pcp8,Assigned truck for pickup plan,2024-05-29 10:14:52
tr49,Pcp10,Dropped truck from pickup plan,2024-05-29 10:17:16
tr2,Pcp4,Dropped truck from pickup plan,2024-05-29 10:24:00
tr38,Pcp4,Assigned truck for pickup plan,2024-05-29 10:41:07
tr26,Pcp8,Dropped truck from pickup plan,2024-05-29 10:48:36
tr22,Pcp2,Dropped truck from pickup plan,2024-05-29 11:20:55
tr14,Pcp3,Assigned truck for pickup plan,2024-05-29 11:30:41
tr32,Pcp2,Assigned truck for pickup plan,2024-05-29 11:38:42
tr34,Pcp3,Assigned truck for pickup plan,2024-05-29 11:51:52
tr23,Pcp9,Dropped truck from pickup plan,2024-05-29 11:56:53
tr9,Pcp5,Dropped truck from pickup plan,2024-05-29 12:03:49
tr27,Pcp8,Dropped truck from pickup plan,2024-05-29 13:48:24
tr22,Pcp3,Assigned truck for pickup plan,2024-05-29 14:17:02
tr40,Pcp8,Dropped truck from pickup plan,2024-05-29 14:17:12
tr43,Pcp4,Dropped truck from pickup plan,2024-05-29 14:17:18
tr4,Pcp2,Dropped truck from pickup plan,2024-05-29 14:36:38
tr49,Pcp5,Assigned truck for pickup plan,2024-05-29 14:38:22
tr9,Pcp3,Assigned truck for pickup plan,2024-05-29 14:52:31
tr26,Pcp9,Assigned truck for pickup plan,2024-05-29 15:20:48
tr8,Pcp10,Dropped truck from pickup plan,2024-05-29 15:23:06
tr17,Pcp4,Dropped truck from pickup plan,2024-05-29 15:43:09
tr23,Pcp9,Assigned truck for pickup plan,2024-05-29 15:54:44
tr3,Pcp9,Dropped truck from pickup plan,2024-05-29 16:11:43
tr2,Pcp9,Assigned truck for pickup plan,2024-05-29 16:19:08
tr43,Pcp2,Assigned truck for pickup plan,2024-05-29 16:21:11
tr41,Pcp9,Dropped truck from pickup plan,2024-05-29 16:34:44
tr8,Pcp5,Assigned truck for pickup plan,2024-05-29 17:12:57
tr33,Pcp7,Dropped truck from pickup plan,2024-05-29 17:14:48
tr27,Pcp10,Assigned truck for pickup plan,2024-05-29 18:08:27
tr40,Pcp2,Assigned truck for pickup plan,2024-05-29 18:25:24
tr24,Pcp8,Dropped truck from pickup plan,2024-05-29 19:17:44
tr10,Pcp4,Dropped truck from pickup plan,2024-05-30 07:15:11
tr35,Pcp2,Dropped truck from pickup plan,2024-05-30 08:02:57
tr31,Pcp5,Dropped truck from pickup plan,2024-05-30 08:07:00
tr20,Pcp7,Dropped truck from pickup plan,2024-05-30 09:15:24
tr24,Pcp9,Assigned truck for pickup plan,2024-05-30 09:32:25
tr4,Pcp3,Assigned truck for pickup plan,2024-05-30 10:11:04
tr3,Pcp5,Assigned truck for pickup plan,2024-05-30 10:33:46
tr41,Pcp4,Assigned truck for pickup plan,2024-05-30 10:37:49
tr46,Pcp8,Dropped truck from pickup plan,2024-05-30 10:37:57
tr33,Pcp10,Assigned truck for pickup plan,2024-05-30 10:46:25
tr31,Pcp5,Assigned truck for pickup plan,2024-05-30 10:55:02
tr17,Pcp8,Assigned truck for pickup plan,2024-05-30 10:55:44
tr20,Pcp4,Assigned truck for pickup plan,2024-05-30 11:34:40
tr16,Pcp4,Dropped truck from pickup plan,2024-05-30 11:58:57
tr35,Pcp2,Assigned truck for pickup plan,2024-05-30 12:02:00
tr10,Pcp2,Assigned truck for pickup plan,2024-05-30 13:50:22
tr37,Pcp5,Dropped truck from pickup plan,2024-05-30 13:51:09
tr29,Pcp7,Dropped truck from pickup plan,2024-05-30 14:12:08
tr46,Pcp2,Assigned truck for pickup plan,2024-05-30 14:50:03
tr47,Pcp5,Dropped truck from pickup plan,2024-05-30 15:25:04
tr16,Pcp9,Assigned truck for pickup plan,2024-05-30 15:28:26
tr36,Pcp3,Dropped truck from pickup plan,2024-05-30 15:43:36
tr11,Pcp2,Dropped truck from pickup plan,2024-05-30 15:46:53
tr6,Pcp9,Dropped truck from pickup plan,2024-05-30 16:18:57
tr39,Pcp9,Dropped truck from pickup plan,2024-05-30 17:06:26
tr37,Pcp5,Assigned truck for pickup plan,2024-05-30 17:12:47
tr47,Pcp7,Assigned truck for pickup plan,2024-05-30 17:16:02
tr12,Pcp8,Dropped truck from pickup plan,2024-05-30 18:06:48
tr28,Pcp7,Dropped truck from pickup plan,2024-05-30 18:32:50
tr48,Pcp8,Dropped truck from pickup plan,2024-05-31 08:09:58
tr42,Pcp10,Dropped truck from pickup plan,2024-05-31 08:12:57
tr29,Pcp2,Assigned truck for pickup plan,2024-05-31 09:16:10
tr34,Pcp3,Dropped truck from pickup plan,2024-05-31 09:35:18
tr36,Pcp5,Assigned truck for pickup plan,2024-05-31 09:38:40
tr22,Pcp3,Dropped truck from pickup plan,2024-05-31 09:52:50
tr11,Pcp2,Assigned truck for pickup plan,2024-05-31 10:16:55
tr39,Pcp3,Assigned truck for pickup plan,2024-05-31 10:50:33
tr15,Pcp8,Dropped truck from pickup plan,2024-05-31 11:45:27
tr6,Pcp10,Assigned truck for pickup plan,2024-05-31 11:46:35
tr12,Pcp5,Assigned truck for pickup plan,2024-05-31 13:18:04
tr22,Pcp7,Assigned truck for pickup plan,2024-05-31 14:15:59
tr28,Pcp2,Assigned truck for pickup plan,2024-05-31 15:06:48
tr42,Pcp3,Assigned truck for pickup plan,2024-05-31 15:22:24
tr23,Pcp9,Dropped truck from pickup plan,2024-05-31 15:44:10
tr48,Pcp7,Assigned truck for pickup plan,2024-05-31 16:35:05
tr26,Pcp9,Dropped truck from pickup plan,2024-05-31 17:16:26
tr34,Pcp3,Assigned truck for pickup plan,2024-05-31 17:17:53
tr1,Pcp4,Dropped truck from pickup plan,2024-05-31 18:16:02
tr32,Pcp2,Dropped truck from pickup plan,2024-06-03 07:51:39
tr27,Pcp10,Dropped truck from pickup plan,2024-06-03 08:05:41
tr44,Pcp3,Dropped truck from pickup plan,2024-06-03 08:25:09
tr45,Pcp8,Dropped truck from pickup plan,2024-06-03 08:25:20
tr43,Pcp2,Dropped truck from pickup plan,2024-06-03 09:17:15
tr15,Pcp10,Assigned truck for pickup plan,2024-06-03 09:25:43
tr27,Pcp7,Assigned truck for pickup plan,2024-06-03 10:16:25
tr26,Pcp4,Assigned truck for pickup plan,2024-06-03 10:31:56
tr18,Pcp8,Dropped truck from pickup plan,2024-06-03 10:36:20
tr21,Pcp4,Dropped truck from pickup plan,2024-06-03 10:55:02
tr43,Pcp10,Assigned truck for pickup plan,2024-06-03 11:00:58
tr19,Pcp9,Dropped truck from pickup plan,2024-06-03 11:18:27
tr20,Pcp4,Dropped truck from pickup plan,2024-06-03 11:22:33
tr23,Pcp5,Assigned truck for pickup plan,2024-06-03 11:25:23
tr10,Pcp2,Dropped truck from pickup plan,2024-06-03 11:28:49
tr32,Pcp5,Assigned truck for pickup plan,2024-06-03 11:29:33
tr7,Pcp3,Dropped truck from pickup plan,2024-06-03 11:41:18
tr1,Pcp10,Assigned truck for pickup plan,2024-06-03 12:11:49
tr17,Pcp8,Dropped truck from pickup plan,2024-06-03 13:24:39
tr25,Pcp2,Dropped truck from pickup plan,2024-06-03 14:05:08
tr19,Pcp7,Assigned truck for pickup plan,2024-06-03 14:09:27
tr21,Pcp3,Assigned truck for pickup plan,2024-06-03 14:15:26
tr40,Pcp2,Dropped truck from pickup plan,2024-06-03 14:38:54
tr18,Pcp2,Assigned truck for pickup plan,2024-06-03 14:41:17
tr45,Pcp10,Assigned truck for pickup plan,2024-06-03 15:25:48
tr24,Pcp9,Dropped truck from pickup plan,2024-06-03 15:33:34
tr7,Pcp10,Assigned truck for pickup plan,2024-06-03 15:50:00
tr20,Pcp2,Assigned truck for pickup plan,2024-06-03 16:08:06
tr30,Pcp5,Dropped truck from pickup plan,2024-06-03 16:10:18
tr44,Pcp8,Assigned truck for pickup plan,2024-06-03 16:11:36
tr17,Pcp5,Assigned truck for pickup plan,2024-06-03 16:18:37
tr25,Pcp4,Assigned truck for pickup plan,2024-06-03 16:18:55
tr14,Pcp3,Dropped truck from pickup plan,2024-06-03 16:52:55
tr10,Pcp5,Assigned truck for pickup plan,2024-06-03 16:53:43
tr35,Pcp2,Dropped truck from pickup plan,2024-06-03 17:07:23
tr5,Pcp8,Dropped truck from pickup plan,2024-06-03 17:25:39
tr13,Pcp4,Dropped truck from pickup plan,2024-06-04 08:07:01
tr29,Pcp2,Dropped truck from pickup plan,2024-06-04 08:15:12
tr31,Pcp5,Dropped truck from pickup plan,2024-06-04 08:18:52
tr40,Pcp5,Assigned truck for pickup plan,2024-06-04 08:20:07
tr36,Pcp5,Dropped truck from pickup plan,2024-06-04 08:20:40
tr30,Pcp3,Assigned truck for pickup plan,2024-06-04 09:35:35
tr5,Pcp3,Assigned truck for pickup plan,2024-06-04 09:35:48
tr35,Pcp5,Assigned truck for pickup plan,2024-06-04 09:45:03
tr37,Pcp5,Dropped truck from pickup plan,2024-06-04 09:46:08
tr14,Pcp3,Assigned truck for pickup plan,2024-06-04 09:54:47
tr13,Pcp7,Assigned truck for pickup plan,2024-06-04 10:15:13
tr33,Pcp10,Dropped truck from pickup plan,2024-06-04 10:17:20
tr24,Pcp8,Assigned truck for pickup plan,2024-06-04 10:21:53
tr49,Pcp5,Dropped truck from pickup plan,2024-06-04 10:49:54
tr46,Pcp2,Dropped truck from pickup plan,2024-06-04 11:01:04
tr31,Pcp9,Assigned truck for pickup plan,2024-06-04 11:12:00
tr47,Pcp7,Dropped truck from pickup plan,2024-06-04 11:13:26
tr4,Pcp3,Dropped truck from pickup plan,2024-06-04 11:50:19
tr3,Pcp5,Dropped truck from pickup plan,2024-06-04 11:55:00
tr29,Pcp8,Assigned truck for pickup plan,2024-06-04 12:01:43
tr46,Pcp10,Assigned truck for pickup plan,2024-06-04 13:43:13
tr33,Pcp4,Assigned truck for pickup plan,2024-06-04 14:35:41
tr36,Pcp9,Assigned truck for pickup plan,2024-06-04 15:00:29
tr49,Pcp2,Assigned truck for pickup plan,2024-06-04 15:03:43
tr11,Pcp2,Dropped truck from pickup plan,2024-06-04 15:15:47
tr3,Pcp7,Assigned truck for pickup plan,2024-06-04 15:29:43
tr28,Pcp2,Dropped truck from pickup plan,2024-06-04 16:24:53
tr37,Pcp10,Assigned truck for pickup plan,2024-06-04 16:29:54
tr11,Pcp10,Assigned truck for pickup plan,2024-06-04 17:01:07
tr48,Pcp7,Dropped truck from pickup plan,2024-06-04 17:29:52
tr1,Pcp10,Dropped truck from pickup plan,2024-06-04 18:13:44
tr4,Pcp2,Assigned truck for pickup plan,2024-06-04 18:42:08
tr39,Pcp3,Dropped truck from pickup plan,2024-06-04 18:47:25
tr7,Pcp10,Dropped truck from pickup plan,2024-06-05 07:25:33
tr47,Pcp4,Assigned truck for pickup plan,2024-06-05 07:27:58
tr16,Pcp9,Dropped truck from pickup plan,2024-06-05 07:28:10
tr9,Pcp3,Dropped truck from pickup plan,2024-06-05 08:14:42
tr8,Pcp5,Dropped truck from pickup plan,2024-06-05 08:24:53
tr7,Pcp3,Assigned truck for pickup plan,2024-06-05 09:54:29
tr39,Pcp2,Assigned truck for pickup plan,2024-06-05 10:25:47
tr16,Pcp3,Assigned truck for pickup plan,2024-06-05 10:25:50
tr28,Pcp3,Assigned truck for pickup plan,2024-06-05 11:08:47
tr19,Pcp7,Dropped truck from pickup plan,2024-06-05 11:14:47
tr9,Pcp8,Assigned truck for pickup plan,2024-06-05 11:28:05
tr38,Pcp4,Dropped truck from pickup plan,2024-06-05 11:29:16
tr12,Pcp5,Dropped truck from pickup plan,2024-06-05 11:36:25
tr48,Pcp10,Assigned truck for pickup plan,2024-06-05 11:51:47
tr1,Pcp7,Assigned truck for pickup plan,2024-06-05 12:01:56
tr17,Pcp5,Dropped truck from pickup plan,2024-06-05 12:06:32
tr8,Pcp9,Assigned truck for pickup plan,2024-06-05 12:31:52
tr27,Pcp7,Dropped truck from pickup plan,2024-06-05 13:55:14
tr38,Pcp2,Assigned truck for pickup plan,2024-06-05 14:26:12
tr35,Pcp5,Dropped truck from pickup plan,2024-06-05 14:39:01
tr19,Pcp3,Assigned truck for pickup plan,2024-06-05 15:14:15
tr14,Pcp3,Dropped truck from pickup plan,2024-06-05 15:21:36
tr21,Pcp3,Dropped truck from pickup plan,2024-06-05 15:23:50
tr2,Pcp9,Dropped truck from pickup plan,2024-06-05 15:43:57
tr12,Pcp10,Assigned truck for pickup plan,2024-06-05 16:12:42
tr41,Pcp4,Dropped truck from pickup plan,2024-06-05 16:17:13
tr42,Pcp3,Dropped truck from pickup plan,2024-06-05 16:32:49
tr24,Pcp8,Dropped truck from pickup plan,2024-06-05 16:36:56
tr27,Pcp4,Assigned truck for pickup plan,2024-06-05 16:42:25
tr17,Pcp4,Assigned truck for pickup plan,2024-06-05 16:44:19
tr14,Pcp4,Assigned truck for pickup plan,2024-06-05 16:57:57
tr35,Pcp9,Assigned truck for pickup plan,2024-06-05 17:31:40
tr2,Pcp3,Assigned truck for pickup plan,2024-06-05 18:31:04
tr44,Pcp8,Dropped truck from pickup plan,2024-06-05 19:03:26
tr43,Pcp10,Dropped truck from pickup plan,2024-06-05 19:41:47
tr34,Pcp3,Dropped truck from pickup plan,2024-06-06 07:29:48
tr40,Pcp5,Dropped truck from pickup plan,2024-06-06 07:54:51
tr45,Pcp10,Dropped truck from pickup plan,2024-06-06 07:55:42
tr18,Pcp2,Dropped truck from pickup plan,2024-06-06 08:09:12
tr50,Pcp2,Dropped truck from pickup plan,2024-06-06 08:21:02
tr23,Pcp5,Dropped truck from pickup plan,2024-06-06 08:35:11
tr42,Pcp2,Assigned truck for pickup plan,2024-06-06 08:44:24
tr21,Pcp10,Assigned truck for pickup plan,2024-06-06 09:36:14
tr44,Pcp3,Assigned truck for pickup plan,2024-06-06 10:00:35
tr45,Pcp9,Assigned truck for pickup plan,2024-06-06 10:08:23
tr40,Pcp9,Assigned truck for pickup plan,2024-06-06 10:44:05
tr24,Pcp3,Assigned truck for pickup plan,2024-06-06 10:45:20
tr41,Pcp8,Assigned truck for pickup plan,2024-06-06 10:48:43
tr34,Pcp9,Assigned truck for pickup plan,2024-06-06 11:03:29
tr43,Pcp4,Assigned truck for pickup plan,2024-06-06 11:10:16
tr50,Pcp10,Assigned truck for pickup plan,2024-06-06 11:30:21
tr22,Pcp7,Dropped truck from pickup plan,2024-06-06 11:42:37
tr18,Pcp4,Assigned truck for pickup plan,2024-06-06 11:46:24
tr31,Pcp9,Dropped truck from pickup plan,2024-06-06 12:14:52
tr23,Pcp8,Assigned truck for pickup plan,2024-06-06 12:30:40
tr13,Pcp7,Dropped truck from pickup plan,2024-06-06 13:34:28
tr28,Pcp3,Dropped truck from pickup plan,2024-06-06 14:08:16
tr6,Pcp10,Dropped truck from pickup plan,2024-06-06 14:39:18
tr4,Pcp2,Dropped truck from pickup plan,2024-06-06 15:10:09
tr22,Pcp4,Assigned truck for pickup plan,2024-06-06 15:27:06
tr13,Pcp2,Assigned truck for pickup plan,2024-06-06 15:50:16
tr49,Pcp2,Dropped truck from pickup plan,2024-06-06 15:53:56
tr33,Pcp4,Dropped truck from pickup plan,2024-06-06 16:35:02
tr31,Pcp4,Assigned truck for pickup plan,2024-06-06 16:38:45
tr15,Pcp10,Dropped truck from pickup plan,2024-06-06 16:50:09
tr28,Pcp10,Assigned truck for pickup plan,2024-06-06 17:19:52
tr16,Pcp3,Dropped truck from pickup plan,2024-06-06 17:20:42
tr4,Pcp3,Assigned truck for pickup plan,2024-06-06 17:31:42
tr25,Pcp4,Dropped truck from pickup plan,2024-06-06 17:48:20
tr30,Pcp3,Dropped truck from pickup plan,2024-06-06 19:26:29
tr32,Pcp5,Dropped truck from pickup plan,2024-06-07 07:26:18
tr39,Pcp2,Dropped truck from pickup plan,2024-06-07 07:52:42
tr37,Pcp10,Dropped truck from pickup plan,2024-06-07 08:10:17
tr19,Pcp3,Dropped truck from pickup plan,2024-06-07 08:28:38
tr29,Pcp8,Dropped truck from pickup plan,2024-06-07 08:42:51
tr6,Pcp3,Assigned truck for pickup plan,2024-06-07 08:59:48
tr49,Pcp2,Assigned truck for pickup plan,2024-06-07 09:33:45
tr16,Pcp8,Assigned truck for pickup plan,2024-06-07 10:20:37
tr15,Pcp8,Assigned truck for pickup plan,2024-06-07 10:25:05
tr32,Pcp8,Assigned truck for pickup plan,2024-06-07 10:56:45
tr30,Pcp8,Assigned truck for pickup plan,2024-06-07 10:57:30
tr9,Pcp8,Dropped truck from pickup plan,2024-06-07 11:30:24
tr37,Pcp8,Assigned truck for pickup plan,2024-06-07 12:01:33
tr33,Pcp8,Assigned truck for pickup plan,2024-06-07 14:33:31
tr29,Pcp2,Assigned truck for pickup plan,2024-06-07 14:41:30
tr39,Pcp4,Assigned truck for pickup plan,2024-06-07 14:50:27
tr19,Pcp4,Assigned truck for pickup plan,2024-06-07 15:21:19
tr42,Pcp2,Dropped truck from pickup plan,2024-06-07 15:25:53
tr25,Pcp2,Assigned truck for pickup plan,2024-06-07 16:18:57
tr20,Pcp2,Dropped truck from pickup plan,2024-06-07 16:22:07
tr27,Pcp4,Dropped truck from pickup plan,2024-06-07 16:58:40
tr9,Pcp8,Assigned truck for pickup plan,2024-06-07 17:05:51
tr17,Pcp4,Dropped truck from pickup plan,2024-06-07 18:38:49
tr11,Pcp10,Dropped truck from pickup plan,2024-06-07 19:36:04
tr43,Pcp4,Dropped truck from pickup plan,2024-06-10 07:24:58
tr7,Pcp3,Dropped truck from pickup plan,2024-06-10 07:27:28
tr12,Pcp10,Dropped truck from pickup plan,2024-06-10 07:35:08
tr48,Pcp10,Dropped truck from pickup plan,2024-06-10 07:52:11
tr42,Pcp4,Assigned truck for pickup plan,2024-06-10 08:10:29
tr46,Pcp10,Dropped truck from pickup plan,2024-06-10 08:19:10
tr20,Pcp10,Assigned truck for pickup plan,2024-06-10 08:45:36
tr3,Pcp7,Dropped truck from pickup plan,2024-06-10 08:59:06
tr27,Pcp4,Assigned truck for pickup plan,2024-06-10 09:51:17
tr43,Pcp8,Assigned truck for pickup plan,2024-06-10 10:42:06
tr36,Pcp9,Dropped truck from pickup plan,2024-06-10 10:56:33
tr46,Pcp8,Assigned truck for pickup plan,2024-06-10 10:56:58
tr48,Pcp3,Assigned truck for pickup plan,2024-06-10 11:05:38
tr17,Pcp10,Assigned truck for pickup plan,2024-06-10 11:06:35
tr8,Pcp9,Dropped truck from pickup plan,2024-06-10 11:07:07
tr11,Pcp3,Assigned truck for pickup plan,2024-06-10 11:40:41
tr1,Pcp7,Dropped truck from pickup plan,2024-06-10 11:45:32
tr26,Pcp4,Dropped truck from pickup plan,2024-06-10 13:56:41
tr35,Pcp9,Dropped truck from pickup plan,2024-06-10 13:56:52
tr36,Pcp3,Assigned truck for pickup plan,2024-06-10 14:32:50
tr38,Pcp2,Dropped truck from pickup plan,2024-06-10 14:43:27
tr3,Pcp8,Assigned truck for pickup plan,2024-06-10 15:03:50
tr7,Pcp2,Assigned truck for pickup plan,2024-06-10 15:16:47
tr12,Pcp2,Assigned truck for pickup plan,2024-06-10 15:39:22
tr24,Pcp3,Dropped truck from pickup plan,2024-06-10 16:12:50
tr8,Pcp10,Assigned truck for pickup plan,2024-06-10 16:27:44
tr10,Pcp5,Dropped truck from pickup plan,2024-06-10 16:50:40
tr26,Pcp10,Assigned truck for pickup plan,2024-06-11 07:22:02
tr44,Pcp3,Dropped truck from pickup plan,2024-06-11 07:34:14
tr23,Pcp8,Dropped truck from pickup plan,2024-06-11 07:36:35
tr2,Pcp3,Dropped truck from pickup plan,2024-06-11 07:40:22
tr24,Pcp2,Assigned truck for pickup plan,2024-06-11 08:32:17
tr1,Pcp2,Assigned truck for pickup plan,2024-06-11 08:43:17
tr35,Pcp10,Assigned truck for pickup plan,2024-06-11 08:51:27
tr6,Pcp3,Dropped truck from pickup plan,2024-06-11 09:16:59
tr23,Pcp2,Assigned truck for pickup plan,2024-06-11 10:42:12
tr34,Pcp9,Dropped truck from pickup plan,2024-06-11 10:50:49
tr2,Pcp3,Assigned truck for pickup plan,2024-06-11 11:07:24
tr10,Pcp2,Assigned truck for pickup plan,2024-06-11 11:11:11
tr6,Pcp10,Assigned truck for pickup plan,2024-06-11 11:33:28
tr38,Pcp2,Assigned truck for pickup plan,2024-06-11 11:37:03
tr19,Pcp4,Dropped truck from pickup plan,2024-06-11 12:00:54
tr5,Pcp3,Dropped truck from pickup plan,2024-06-11 13:19:16
tr13,Pcp2,Dropped truck from pickup plan,2024-06-11 13:56:07
tr15,Pcp8,Dropped truck from pickup plan,2024-06-11 14:16:45
tr30,Pcp8,Dropped truck from pickup plan,2024-06-11 14:25:12
tr18,Pcp4,Dropped truck from pickup plan,2024-06-11 14:54:40
tr19,Pcp3,Assigned truck for pickup plan,2024-06-11 15:13:54
tr16,Pcp8,Dropped truck from pickup plan,2024-06-11 15:34:15
tr44,Pcp2,Assigned truck for pickup plan,2024-06-11 15:48:02
tr32,Pcp8,Dropped truck from pickup plan,2024-06-11 15:57:59
tr28,Pcp10,Dropped truck from pickup plan,2024-06-11 16:25:14
tr40,Pcp9,Dropped truck from pickup plan,2024-06-11 16:30:02
tr5,Pcp10,Assigned truck for pickup plan,2024-06-11 16:32:01
tr34,Pcp3,Assigned truck for pickup plan,2024-06-11 16:37:46
tr31,Pcp4,Dropped truck from pickup plan,2024-06-11 16:45:35
tr49,Pcp2,Dropped truck from pickup plan,2024-06-11 17:15:00
tr30,Pcp10,Assigned truck for pickup plan,2024-06-11 17:17:35
tr15,Pcp10,Assigned truck for pickup plan,2024-06-11 17:23:43
tr20,Pcp10,Dropped truck from pickup plan,2024-06-11 18:27:11
tr47,Pcp4,Dropped truck from pickup plan,2024-06-11 18:46:54
tr18,Pcp10,Assigned truck for pickup plan,2024-06-11 18:53:56
tr27,Pcp4,Dropped truck from pickup plan,2024-06-12 07:32:09
tr39,Pcp4,Dropped truck from pickup plan,2024-06-12 07:36:43
tr25,Pcp2,Dropped truck from pickup plan,2024-06-12 08:01:48
tr40,Pcp3,Assigned truck for pickup plan,2024-06-12 08:30:02
tr50,Pcp10,Dropped truck from pickup plan,2024-06-12 08:39:37
tr28,Pcp3,Assigned truck for pickup plan,2024-06-12 08:52:08
tr45,Pcp9,Dropped truck from pickup plan,2024-06-12 08:57:41
tr14,Pcp4,Dropped truck from pickup plan,2024-06-12 09:03:50
tr42,Pcp4,Dropped truck from pickup plan,2024-06-12 09:14:36
tr49,Pcp3,Assigned truck for pickup plan,2024-06-12 10:38:56
tr13,Pcp3,Assigned truck for pickup plan,2024-06-12 10:39:05
tr16,Pcp3,Assigned truck for pickup plan,2024-06-12 10:48:31
tr9,Pcp8,Dropped truck from pickup plan,2024-06-12 11:32:18
tr32,Pcp3,Assigned truck for pickup plan,2024-06-12 11:48:53
tr4,Pcp3,Dropped truck from pickup plan,2024-06-12 11:56:02
tr11,Pcp3,Dropped truck from pickup plan,2024-06-12 13:31:16
tr43,Pcp8,Dropped truck from pickup plan,2024-06-12 14:01:27
tr7,Pcp2,Dropped truck from pickup plan,2024-06-12 14:51:29
tr37,Pcp8,Dropped truck from pickup plan,2024-06-12 15:52:25
tr22,Pcp4,Dropped truck from pickup plan,2024-06-12 16:11:07
tr48,Pcp3,Dropped truck from pickup plan,2024-06-12 16:39:10
tr17,Pcp10,Dropped truck from pickup plan,2024-06-12 16:55:44
tr1,Pcp2,Dropped truck from pickup plan,2024-06-12 16:58:54
tr23,Pcp2,Dropped truck from pickup plan,2024-06-12 17:41:19
tr21,Pcp10,Dropped truck from pickup plan,2024-06-12 18:23:03
tr8,Pcp10,Dropped truck from pickup plan,2024-06-13 07:40:18
tr12,Pcp2,Dropped truck from pickup plan,2024-06-13 08:25:31
tr38,Pcp2,Dropped truck from pickup plan,2024-06-13 08:25:40
tr41,Pcp8,Dropped truck from pickup plan,2024-06-13 08:36:27
tr6,Pcp10,Dropped truck from pickup plan,2024-06-13 09:18:16
tr26,Pcp10,Dropped truck from pickup plan,2024-06-13 09:37:40
tr3,Pcp8,Dropped truck from pickup plan,2024-06-13 11:13:51
tr33,Pcp8,Dropped truck from pickup plan,2024-06-13 11:18:09
tr2,Pcp3,Dropped truck from pickup plan,2024-06-13 11:52:56
tr29,Pcp2,Dropped truck from pickup plan,2024-06-13 14:27:15
tr35,Pcp10,Dropped truck from pickup plan,2024-06-13 15:55:29
tr5,Pcp10,Dropped truck from pickup plan,2024-06-13 15:58:32
tr46,Pcp8,Dropped truck from pickup plan,2024-06-13 17:42:34
tr19,Pcp3,Dropped truck from pickup plan,2024-06-14 08:12:51
tr40,Pcp3,Dropped truck from pickup plan,2024-06-14 08:19:07
tr49,Pcp3,Dropped truck from pickup plan,2024-06-14 08:33:16
tr28,Pcp3,Dropped truck from pickup plan,2024-06-14 09:30:34
tr30,Pcp10,Dropped truck from pickup plan,2024-06-14 11:24:01
tr36,Pcp3,Dropped truck from pickup plan,2024-06-14 13:53:48
tr15,Pcp10,Dropped truck from pickup plan,2024-06-14 14:18:33
tr44,Pcp2,Dropped truck from pickup plan,2024-06-14 14:30:20
tr16,Pcp3,Dropped truck from pickup plan,2024-06-14 15:47:56
tr34,Pcp3,Dropped truck from pickup plan,2024-06-14 17:52:42
tr24,Pcp2,Dropped truck from pickup plan,2024-06-14 18:58:18
tr10,Pcp2,Dropped truck from pickup plan,2024-06-17 08:49:16
tr32,Pcp3,Dropped truck from pickup plan,2024-06-17 09:49:32
tr13,Pcp3,Dropped truck from pickup plan,2024-06-17 11:14:15
tr18,Pcp10,Dropped truck from pickup plan,2024-06-17 14:53:03
